{
  "_note1": "KEEP THIS FILE! Check it into a version control system (VCS) like git.",
  "_note2": "ObjectBox manages crucial IDs for your object model. See docs for details.",
  "_note3": "If you have VCS merge conflicts, you must resolve them according to ObjectBox docs.",
  "entities": [
    {
      "id": "1:7489974916251087914",
      "lastPropertyId": "7:219046075741983444",
      "name": "LocalUser",
      "properties": [
        {
          "id": "1:1994844761155127579",
          "name": "id",
          "type": 6,
          "flags": 1
        },
        {
          "id": "2:8352490072536372101",
          "name": "uid",
          "type": 9
        },
        {
          "id": "3:5556554992084341237",
          "name": "email",
          "type": 9
        },
        {
          "id": "4:5774105057489383868",
          "name": "fullName",
          "type": 9
        },
        {
          "id": "5:4132687681854454027",
          "name": "points",
          "type": 6
        },
        {
          "id": "6:2034186240877078289",
          "name": "profilePicture",
          "type": 9
        },
        {
          "id": "7:219046075741983444",
          "name": "bio",
          "type": 9
        }
      ],
      "relations": []
    }
  ],
  "lastEntityId": "1:7489974916251087914",
  "lastIndexId": "0:0",
  "lastRelationId": "0:0",
  "lastSequenceId": "0:0",
  "modelVersion": 5,
  "modelVersionParserMinimum": 5,
  "retiredEntityUids": [],
  "retiredIndexUids": [],
  "retiredPropertyUids": [],
  "retiredRelationUids": [],
  "version": 1
}